Município;Responsável
SUPERINTENDENCIA MUNICIPAL DE TRANSITO - SMT;JOSE FRANCISCO TELES
FUNDACAO DE ENSINO SUPERIOR DE GOIATUBA;VINICIUS VIEIRA RIBEIRO
INSTITUTO DE ASSISTENCIA DOS SERVIDORES DO MUNICIPIO DE GOIATUBA - IAG -;WALTER ALVES DE MORAES
CONSELHO ESCOLAR DO CENTRO MUNICIPAL DE EDUCACAO INFANTIL NORMA CABRAL DE OLIVEIRA;ANDRIELE DE FARIA CABRAL SIMOES
UNIDADE EXECUTORA DA ESCOLA MUNICIPALIZADA SAO DIMAS;MICHELLY DAIANA SILVA GUERRA
CAMARA MUNICIPAL DE CATALAO;JAIR HUMBERTO DA SILVA
CAMARA MUNICIPAL DE BALIZA;LEONARDO HENRIQUE LOPES FERNANDES DE OLIVEIRA
CAMARA MUNICIPAL DE CERES;GLICERIO DE MORAES MENDES JUNIOR
CAMARA MUNICIPAL DE PEROLANDIA;ANDREIA FREESE
CAMARA MUNICIPAL DE RIO VERDE;IDELSON MENDES
CAMARA MUNICIPAL DE SAO LUIS DE MONTES BELOS;ROGERIO RODRIGUES GONCALVES
MUNICIPIO DE AMARALINA;DASIO MARQUES FERREIRA
MUNICIPIO DE BALIZA;ILSON PEREIRA CARVALHO
MUNICIPIO DE BARRO ALTO;ALVARO MACHADO DE FREITAS
MUNICIPIO DE BELA VISTA DE GOIAS;EURIPEDES JOSE DO CARMO
MUNICIPIO DE BRAZABRANTES;MARCIO ANTONIO MACHADO
MUNICIPIO DE BURITI ALEGRE;GARIBALDO FERREIRA DE SANTANA NETO
MUNICIPIO DE CAIAPONIA;ARGEMIRO RODRIGUES SANTOS NETO
MUNICIPIO DE CAMPINACU;DOUGLAS ADYEL RIBEIRO DE FARIA
FUNDO MUNICIPAL DE EDUCACAO DE CAMPINACU - FME;ELIESIO ANTONIO SOARES
MUNICIPIO DE CERES;EDMARIO DE CASTRO BARBOSA
MUNICIPIO DE CORUMBA DE GOIAS;FRANCISCO ALESSANDRO FERNANDES
MUNICIPIO DE CRISTALINA;LUIS OTAVIO BIAZOTO MASSA
MUNICIPIO DE CRIXAS;ALLAN PAES XAVIER
MUNICIPIO DO CORREGO DO OURO;DANILO MARCOS DOS SANTOS
MUNICIPIO DE GOIATUBA;ALBERTO LOPES RIBEIRO
MUNICIPIO DE GOIAS;ADERSON LIBERATO GOUVEA
MUNICIPIO DE HIDROLINA;ELI GONCALVES SIQUEIRA
MUNICIPIO DE ITABERAI;RITA DE CASSIA SOARES MENDONCA
MUNICIPIO DE ITAPACI;FABIO MARCOS DE OLIVEIRA
MUNICIPIO DE JARAGUA;PAULO VITOR AVELAR
MUNICIPIO DE MONTES CLAROS DE GOIAS;JOSE VILMAR MACIEL
MUNICIPIO DE NEROPOLIS;LUIZ ALBERTO FRANCO ARAUJO
INSTITUTO DE PREVIDENCIA DOS SERVIDORES MUNICIPAIS DE NEROPOLIS;TEREZINHA DE JESUS PEREIRA MACEDO
MUNICIPIO DE NOVO GAMA;CARLOS ALVES DOS SANTOS
MUNICIPIO DE PARANAIGUARA;JOSE CARLOS BARBOSA
MUNICIPIO DE PEROLANDIA;GRETE ELISA BALZ ROCHA
MUNICIPIO DE PILAR DE GOIAS;TIAGO JAPIASSU BATISTA DO NASCIMENTO ANDRADE
MUNICIPIO DE PIRANHAS;FABIO LASSERRE SOUSA BORGES
MUNICIPIO DE RIANAPOLIS;GILBER ROQUE PEREIRA DE MIRANDA
MUNICIPIO DE RIO QUENTE;ANA PAULA LIMA DE OLIVEIRA MACHADO
MUNICIPIO DE SERRANOPOLIS;ZILMAR FERREIRA DA SILVA CARVALHO
MUNICIPIO DE SAO FRANCISCO DE GOIAS;CLEUTON GOMES DE MOURA
MUNICIPIO DE SAO LUIS DE MONTES BELOS;JORCELINO MARQUES PALMEIRA JUNIOR
MUNICIPIO DE TERESINA DE GOIAS;KLEVERTON BARBOSA DE MELLO
MUNICIPIO DE TRINDADE;MARDEN GABRIEL ALVES DE AGUIAR JUNIOR
MUNICIPIO DE UIRAPURU;ELIVAN RIBEIRO DOS SANTOS
FUNDO DE PREVIDENCIA DOS SERVIDORES PUBLICOS MUNICIPAIS DE BALIZA - PREVIBAL;FERNANDO DE LIMA CORREIA
FUNDO MUNICIPAL DE PREVIDENCIA SOCIAL DOS SERVIDORES DE BARRO ALTO;QUELIA REGINA DA SILVA
INSTITUTO DE PREVIDENCIA SOCIAL DO MUNICIPIO DE CRIXAS;DELIENE SOARES MARTINS
INSTITUTO DE PREVIDENCIA DOS SERVIDORES PUBLICOS DO MUNICIPIO DE GOIATUBA - GOIATUBA PREV;GILMAR MONTEIRO LIMA
FUNDO MUNICIPAL DE PREVIDENCIA SOCIAL DOS SERVIDORES DO MUNICIPIO DE ITABERAI;MICHELE MARQUES SANTOS PINHEIRO
PARANAIGUARA-PREV;PIERCARLOS DUARTE DE SOUSA RODRIGUES
INSTITUTO MUNICIPAL DE PREVIDENCIA E ASSISTENCIA DOS SERVIDORES DE PIRANHAS;LUDIMILA ALVES DE LIMA
FUNDO MUNICIPAL DE PREVIDENCIA SOCIAL DOS SERVIDORES DO MUNICIPIO DE SERRANOPOLIS;JUCIANA MARCIA SILVA LONGO
TRINDADE PREV INSTITUTO DE PREVIDENCIA DOS SERVIDORES PUBLICOS DO MUNICIPIO DE TRINDADE;MARIA ALVES DE MENDONCA
CENTRO MUNICIPAL DE EDUCACAO INFANTIL SANTA CLARA;BENEDITA DE FATIMA FERREIRA RIOS FRAGA
UNIDADE EXECUTORA DO CENTRO MUNICIPAL DE EDUCACAO INFANTIL FILHOS DE DAVI;CLAUDIANE NUNES COTA
CONSELHO ESCOLAR SAO BENEDITO;DENISE ESPINDOLA BREY ROCHA
CONSELHO ESCOLAR CRECHE MUNICIPAL MAE SANTISSIMA;MARCIA MARIA DE MOURA
CONSELHO ESCOLAR NARA DE OLIVEIRA BORGES;DINALVA DANIEL DOS SANTOS SOARES
UNIDADE EXECUTORA DA ESCOLA MUNICIPALIZADA JERONIMO JOSE DA SILVA;MARTA ZAURISIO DE SOUZA
CONSELHO ESCOLAR PROFESSORA ANA PERCILIANA DO PRADO VARGAS;REGINA CELIA PIMENTEL CAMILO
CONSELHO ESCOLAR VANISE DE OLIVEIRA SALATIEL;SILVANIA MARQUES SANTOS MARTINS
CONSELHO MUNICIPAL DE EDUCACAO;JOANA DARC SANTOS
CONSELHO ESCOLAR CRECHE PAZ E AMOR;EDMILA GOMES BESSA
CONSELHO ESCOLAR PROFESSORA IRENE ROSA FERREIRA;DINAMENE FERNANDES E ARAUJO BARCELOS
CONSELHO ESCOLAR PROFESSORA NOEMIA DE CASTILHO;MARCOS PEREIRA VIEIRA
CONSELHO ESCOLAR JOSE DE ANCHIETA;EVA OLIVEIRA DOS SANTOS SILVA
ESTATUTO DO CONSELHO ESCOLAR UNIDADE EXECUTORA ESCOLA MUNICIPALIZADA MODESTINA FONSECA;RITA DE CASSIA MELO
CONSELHO ESCOLAR UNIDADE EXECUTORA ESCOLA MUNICIPALIZADA IRANI COSTA;VILMA FERRAZ DE MAIA OLIVEIRA
CONSELHO ESCOLAR MINISTRO ALFREDO NASSER;MARCIA RODRIGUES CARDOSO CARVALHO
CONSELHO ESCOLAR GERALDO DE ASSIS LOPES;VERA LUCIA DOS SANTOS
UNIDADE EXECUTORA DA ESCOLA MUNICIPAL JUCA LUDOVICO;DAYANNY EVANGELISTA DE SOUZA LIMA
CONSELHO ESCOLAR MARIA DE LOURDES MARTINS COSTA;RAMIRO JOSE DE SOUSA NETO
UNIDADE EXECUTORA GENOVEVA CABRAL;VANESSA DO ROSARIO CUNHA
CONSELHO ESCOLAR PROFESSORA MARIA LUZIA REZENDE SIMOES;RENATA DANIELA SANTOS
CONSELHO ESCOLAR CRECHE LAR MENINO JESUS;MARIA LUCIA ROSA DA SILVA
CONSELHO ESCOLAR MARIA DE LOURDES ESTIVALET TEIXEIRA;MARISA ALVES REIS
CONSELHO ESCOLAR CRECHE MUNICIPAL JOSE LUIS PEREIRA;ELIARIA MARIA DOS SANTOS
CENTRO EDUCACIONAL JOAO SILVESTRE DA SILVA;WELIANA TELES DE MORAIS SILVA
CONSELHO ESCOLAR SAO CARLOS;KESIA MARIA ALVES BRANDAO
UNIDADE EXECUTORA PROPRIA CMEI MARIA HELENY PERILLO VIEIRA DA CUNHA;LILIA CRISTINA SILVA MORAIS
UNIDADE EXECUTORA ESCOLA MUNICIPAL PADRE ELIGIO SILVESTRI;NIVEA CRISTINA DE MORAES
SERVICO AUTONOMO DE AGUA E ESGOTO DE JARAGUARI;SILVIA LETICIA FERREIRA GREGORIO
ASSOCIACAO DE PAIS E MESTRES DO CENTRO EDUCACIONAL INFANTIL PROFESSORA CLAUDIA DO NASCIMENTO;KALINDA ALEXANDRA DE SOUZA
ASSOCIACAO DE PAIS E MESTRES APM DA ESCOLA INDIGENA UBALDO ARANDU KWE-MI;LUZIA MONTIEL
ASSOCIACAO DE PAIS E MESTRES DO CENTRO EDUCACIONAL INFANTIL SORRISO DA CRIANCA TACURU-MS;ANA CRISTINA ESPINDOLA
ASSOCIACAO DE PAIS E MESTRES - APM DA ESCOLA INDIGENA TOMASIA DE VARGAS;RAMONA MARTINS GARAY
CAMARA MUNICIPAL DE VEREADORES DE COSTA RICA;ARTUR DELGADO BAIRD
CAMARA MUNICIPAL ELDORADO;DAIANE GOMES LACERDA
CAMARA MUNICIPAL DE JARAGUARI - MS;PETERSON MARTINS XAVIER
MUNICIPIO DE ALCINOPOLIS;WELITON DA SILVA GUIMARAES
MUNICIPIO DE ANASTACIO;MANOEL APARECIDO DA SILVA
MUNICIPIO DE AQUIDAUANA;MAURO LUIZ BATISTA
MUNICIPIO DE CHAPADAO DO SUL;WALTER SCHLATTER
MUNICIPIO DE COXIM;EDILSON MAGRO
MUNICIPIO DE IGUATEMI;LIDIO LEDESMA
MUNICIPIO DE JAPORA;VITOR DA CUNHA ROSA
MUNICIPIO DE JARAGUARI;CLAUDIO FERREIRA DA SILVA
MUNICIPIO DE SETE QUEDAS;ERLON FERNANDO POSSA DANELUZ
MUNICIPIO DE SONORA;MARIA CLARICE EWERLING
MUNICIPIO DE TACURU;ROGERIO DE SOUZA TORQUETTI
INSTITUTO DE PREVIDENCIA DOS SERVIDORES DE SONORA (IPS);EDIVAN PEREIRA DA COSTA
ASSOC DE PAIS E MESTRES EEPPSG PROF CECILIA M H PERECIN;POLLYANNA MONTEIRO TEIXEIRA FINGER
PEIXE CAMARA MUNICIPAL;GICELMA FERREIRA DOS SANTOS
MUNICIPIO DE ALMAS;RAINERIVAL RIBEIRO XAVIER
MUNICIPIO DE BANDEIRANTES DO TOCANTINS;SAULO GONCALVES BORGES
MUNICIPIO DE BARRA DO OURO;NELIDA VASCONCELOS MIRANDA CAVALCANTE
MUNICIPIO DE BREJINHO DE NAZARE;MURILO LUIZ MARTINS MORAIS
MUNICIPIO DE CRISTALANDIA;WILSON JUNIOR CARVALHO DE OLIVEIRA
MUNICIPIO DE GUARAI;MARIA DE FATIMA COELHO NUNES
MUNICIPIO DE JAU DO TOCANTINS;LUCIENE LOURENCO DE ARAUJO
MUNICIPIO DE LAGOA DA CONFUSAO;THIAGO SOARES CARLOS
MUNICIPIO DE LAJEADO;MARCIA DA COSTA REIS CARVALHO
MUNICIPIO DE MAURILANDIA DO TOCANTINS;RAFAEL MARACAIPE DE ALMEIDA
MUNICIPIO DE NATIVIDADE;THIAGO JAYME RODRIGUES DE CERQUEIRA
MUNICIPIO DE PALMEIRAS DO TOCANTINS;FRANCISCO NOLETO JUNIOR
MUNICIPIO DE PALMEIROPOLIS;WLISSES BARROS DE SOUZA
MUNICIPIO DE PARAISO DO TOCANTINS;CELSO SOARES REGO MORAIS
MUNICIPIO DE PEDRO AFONSO;JOAQUIM MARTINS PINHEIRO FILHO
MUNICIPIO DE PEIXE;AUGUSTO CEZAR PEREIRA DOS SANTOS
MUNICIPIO DE PIUM;FERNANDO BELARMINO DA SILVA
MUNICIPIO DE SANTA MARIA DO TOCANTINS;LEONARDO NOLETO MOREIRA
MUNICIPIO DE SANTA RITA DO TOCANTINS;LUCIANO PEREIRA DA COSTA
MUNICIPIO DE SILVANOPOLIS;MATHEUS HENRIQUE LEMOS
